timestamp,status,confidence,perclos,ear,mar,yawn,head_pitch,head_yaw,acc_x,acc_y,acc_z,temp,hr,spo2,pred_alert,pred_drowsy,pred_fatigued
1766734050.4342134,ALERT,0.99,0.0,0.329,0.001,0.0,-2.14,17.43,0,0,0,0.0,0.0,0,0.993,0.007,0.0
1766734050.8099325,ALERT,0.99,0.0,0.329,0.001,0.0,-2.45,20.46,0,0,0,0.0,0.0,0,0.993,0.007,0.0
1766734051.1822445,ALERT,0.99,0.0,0.342,0.001,0.0,-2.7,18.88,0,0,0,0.0,0.0,0,0.993,0.007,0.0
1766734051.5358548,ALERT,0.99,0.0,0.342,0.001,0.0,-2.7,18.88,0,0,0,0.0,0.0,0,0.992,0.007,0.0
1766734052.0170586,ALERT,0.99,0.0,0.36,0.002,0.0,6.27,-1.43,0,0,0,0.0,0.0,0,0.992,0.007,0.0
1766734052.2798007,ALERT,0.99,0.0,0.36,0.002,0.0,6.27,-1.43,0,0,0,0.0,0.0,0,0.992,0.007,0.0
1766734052.6341076,ALERT,0.99,0.0,0.272,0.004,0.0,-1.54,18.85,0,0,0,0.0,0.0,0,0.993,0.007,0.0
1766734053.5227814,ALERT,0.99,0.0,0.37,0.004,0.0,-2.43,19.32,0,0,0,0.0,0.0,0,0.993,0.007,0.0
1766734054.2182333,ALERT,0.99,0.0,0.326,0.003,0.0,-1.77,25.62,0,0,0,0.0,0.0,0,0.993,0.007,0.0
1766734054.73536,ALERT,0.99,0.0,0.326,0.003,0.0,-1.77,25.62,0,0,0,0.0,0.0,0,0.993,0.007,0.0
1766734055.023262,ALERT,0.99,0.0,0.347,0.002,0.0,-2.98,19.97,0,0,0,0.0,0.0,0,0.993,0.007,0.0
1766734055.7181184,ALERT,0.99,0.0,0.306,0.002,0.0,-2.98,19.97,0,0,0,0.0,0.0,0,0.992,0.007,0.0
1766734056.5235023,ALERT,0.99,16.7,0.292,0.002,0.0,-2.21,18.36,0,0,0,0.0,0.0,0,0.993,0.007,0.0
1766734056.791323,ALERT,0.99,16.7,0.292,0.002,0.0,-3.04,19.52,0,0,0,0.0,0.0,0,0.993,0.007,0.0
1766734057.2169967,ALERT,0.99,16.7,0.292,0.002,0.0,-3.04,19.52,0,0,0,0.0,0.0,0,0.992,0.007,0.0
1766734057.8885665,ALERT,0.99,50.0,0.242,0.004,0.0,0.43,11.79,0,0,0,0.0,0.0,0,0.993,0.007,0.0
1766734058.2893136,ALERT,0.99,50.0,0.34,0.004,0.0,0.21,10.01,0,0,0,0.0,0.0,0,0.993,0.007,0.0
1766734058.7117453,ALERT,0.99,50.0,0.34,0.004,0.0,0.21,10.01,0,0,0,0.0,0.0,0,0.992,0.007,0.0
1766734059.52926,ALERT,0.99,33.3,0.334,0.008,0.0,0.21,9.6,0,0,0,0.0,0.0,0,0.992,0.007,0.0
1766734059.9884756,ALERT,0.99,0.0,0.361,0.001,0.0,1.46,12.35,0,0,0,0.0,0.0,0,0.992,0.007,0.0
1766734061.0331597,ALERT,0.99,0.0,0.364,0.004,0.0,0.7,11.66,0,0,0,0.0,0.0,0,0.992,0.007,0.0
1766734061.7228863,ALERT,0.99,0.0,0.382,0.009,0.0,7.58,12.77,0,0,0,0.0,0.0,0,0.992,0.007,0.0
1766734062.174406,ALERT,0.99,0.0,0.321,0.011,0.0,1.87,2.98,0,0,0,0.0,0.0,0,0.992,0.007,0.0
1766734062.5277314,ALERT,0.99,0.0,0.321,0.011,0.0,0.62,-2.91,0,0,0,0.0,0.0,0,0.992,0.007,0.0
1766734063.2210712,ALERT,0.99,16.7,0.214,0.011,0.0,4.09,21.42,0,0,0,0.0,0.0,0,0.992,0.007,0.0
1766734064.0438344,ALERT,0.99,16.7,0.346,0.006,0.0,0.5,12.29,0,0,0,0.0,0.0,0,0.992,0.007,0.001
1766734064.332261,ALERT,0.99,16.7,0.346,0.006,0.0,0.5,12.29,0,0,0,0.0,0.0,0,0.992,0.007,0.001
1766734064.7280946,ALERT,0.99,16.7,0.316,0.005,0.0,1.1,8.85,0,0,0,0.0,0.0,0,0.992,0.007,0.0
1766734065.409683,ALERT,0.99,0.0,0.327,0.01,0.0,-4.06,15.38,0,0,0,0.0,0.0,0,0.992,0.007,0.001
1766734065.7801762,ALERT,0.99,0.0,0.327,0.01,0.0,-4.06,15.38,0,0,0,0.0,0.0,0,0.992,0.007,0.001
1766734066.2192774,ALERT,0.99,33.3,0.236,0.004,0.0,-3.97,9.8,0,0,0,0.0,0.0,0,0.992,0.007,0.0
1766734066.4950674,ALERT,0.99,33.3,0.236,0.004,0.0,-3.97,9.8,0,0,0,0.0,0.0,0,0.992,0.007,0.001
1766734067.0614517,ALERT,0.99,33.3,0.327,0.003,0.0,-0.98,10.41,0,0,0,0.0,0.0,0,0.992,0.007,0.001
1766734067.5794241,ALERT,0.99,33.3,0.327,0.003,0.0,-0.98,10.41,0,0,0,0.0,0.0,0,0.992,0.008,0.001
1766734068.5429633,ALERT,0.99,0.0,0.333,0.003,0.0,-0.2,11.87,0,0,0,0.0,0.0,0,0.992,0.008,0.001
1766734069.217637,ALERT,0.99,0.0,0.333,0.003,0.0,-0.21,11.22,0,0,0,0.0,0.0,0,0.992,0.007,0.001
1766734069.6975484,ALERT,0.99,0.0,0.341,0.003,0.0,-0.23,11.4,0,0,0,0.0,0.0,0,0.992,0.008,0.001
1766734070.0311654,ALERT,0.99,0.0,0.341,0.003,0.0,-0.23,11.4,0,0,0,0.0,0.0,0,0.992,0.008,0.001
1766734070.711543,ALERT,0.99,33.3,0.071,0.005,0.0,0.42,4.62,0,0,0,0.0,0.0,0,0.992,0.008,0.001
1766734071.5267475,ALERT,0.99,33.3,0.341,0.005,0.0,-0.4,8.5,0,0,0,0.0,0.0,0,0.992,0.008,0.001
1766734071.8388278,ALERT,0.99,33.3,0.327,0.006,0.0,-0.1,10.14,0,0,0,0.0,0.0,0,0.992,0.008,0.001
1766734072.2145078,ALERT,0.99,33.3,0.327,0.006,0.0,-0.1,10.14,0,0,0,0.0,0.0,0,0.992,0.008,0.001
1766734072.9259884,ALERT,0.99,0.0,0.316,0.001,0.0,-2.07,11.18,0,0,0,0.0,0.0,0,0.992,0.007,0.001
1766734073.2805662,ALERT,0.99,0.0,0.316,0.001,0.0,-2.07,11.18,0,0,0,0.0,0.0,0,0.992,0.007,0.001
1766734073.7112827,ALERT,0.99,33.3,0.167,0.002,0.0,-4.7,-15.99,0,0,0,0.0,0.0,0,0.992,0.007,0.0
1766734074.012803,ALERT,0.99,33.3,0.167,0.002,0.0,-4.7,-15.99,0,0,0,0.0,0.0,0,0.992,0.007,0.001
1766734074.534155,ALERT,0.99,66.7,0.087,0.002,0.0,1.65,4.76,0,0,0,0.0,0.0,0,0.992,0.007,0.0
1766734075.1045732,ALERT,0.99,100.0,0.075,0.003,0.0,-1.15,5.77,0,0,0,0.0,0.0,0,0.992,0.007,0.001
1766734076.035232,ALERT,0.99,66.7,0.308,0.0,0.0,-0.58,10.37,0,0,0,0.0,0.0,0,0.991,0.008,0.001
1766734076.7156096,ALERT,0.99,33.3,0.345,0.001,0.0,-2.1,12.53,0,0,0,0.0,0.0,0,0.991,0.008,0.001
1766734077.2068722,ALERT,0.99,33.3,0.345,0.001,0.0,-2.1,12.53,0,0,0,0.0,0.0,0,0.991,0.008,0.001
1766734077.5210886,ALERT,0.99,0.0,0.343,0.001,0.0,0.79,12.01,0,0,0,0.0,0.0,0,0.991,0.008,0.001
1766734078.2186046,ALERT,0.99,0.0,0.334,0.003,0.0,0.08,10.8,0,0,0,0.0,0.0,0,0.991,0.008,0.001
1766734079.0232244,ALERT,0.99,0.0,0.352,0.007,0.0,0.69,10.21,0,0,0,0.0,0.0,0,0.992,0.007,0.001
1766734079.3472965,ALERT,0.99,0.0,0.352,0.007,0.0,0.69,10.21,0,0,0,0.0,0.0,0,0.991,0.008,0.001
1766734079.7154763,ALERT,0.99,0.0,0.347,0.03,0.0,0.69,10.21,0,0,0,0.0,0.0,0,0.991,0.008,0.001
1766734080.422901,ALERT,0.99,0.0,0.347,0.03,0.0,0.41,9.71,0,0,0,0.0,0.0,0,0.991,0.008,0.001
1766734080.782122,ALERT,0.99,0.0,0.335,0.015,0.0,-3.62,21.08,0,0,0,0.0,0.0,0,0.991,0.008,0.001
1766734081.2238421,ALERT,0.99,0.0,0.335,0.015,0.0,-3.62,21.08,0,0,0,0.0,0.0,0,0.991,0.008,0.001
1766734081.4982774,ALERT,0.99,0.0,0.325,0.02,0.0,-3.42,22.65,0,0,0,0.0,0.0,0,0.992,0.007,0.001
1766734082.0170963,ALERT,0.99,0.0,0.325,0.02,0.0,-3.42,22.65,0,0,0,0.0,0.0,0,0.992,0.007,0.001
1766734082.2868679,ALERT,0.99,0.0,0.341,0.093,0.0,-2.9,21.01,0,0,0,0.0,0.0,0,0.992,0.008,0.001
1766734082.5755036,ALERT,0.99,0.0,0.341,0.093,0.0,-2.9,21.01,0,0,0,0.0,0.0,0,0.992,0.008,0.001
1766734083.5313725,ALERT,0.99,0.0,0.33,0.051,0.0,-3.11,21.04,0,0,0,0.0,0.0,0,0.992,0.007,0.001
1766734083.7999797,ALERT,0.99,0.0,0.328,0.007,0.0,-1.15,20.1,0,0,0,0.0,0.0,0,0.991,0.008,0.001
1766734084.2208674,ALERT,0.99,0.0,0.328,0.007,0.0,-1.15,20.1,0,0,0,0.0,0.0,0,0.991,0.008,0.001
1766734084.6709626,ALERT,0.99,0.0,0.342,0.008,0.0,-1.6,21.4,0,0,0,0.0,0.0,0,0.992,0.008,0.001
1766734085.0326555,ALERT,0.99,0.0,0.342,0.008,0.0,-1.6,21.4,0,0,0,0.0,0.0,0,0.993,0.007,0.0
1766734085.7192287,ALERT,0.99,0.0,0.359,0.002,0.0,-1.13,16.18,0,0,0,0.0,0.0,0,0.992,0.007,0.001
1766734086.5215666,ALERT,0.99,0.0,0.36,0.003,0.0,-0.23,10.94,0,0,0,0.0,0.0,0,0.992,0.007,0.001
1766734086.8404179,ALERT,0.99,0.0,0.36,0.003,0.0,-0.23,10.94,0,0,0,0.0,0.0,0,0.992,0.007,0.001
1766734087.217339,ALERT,0.99,0.0,0.343,0.215,0.0,-3.16,10.16,0,0,0,0.0,0.0,0,0.992,0.008,0.001
1766734087.921316,ALERT,0.99,0.0,0.285,0.303,0.0,-6.57,8.59,0,0,0,0.0,0.0,0,0.992,0.007,0.0
1766734088.28693,ALERT,0.99,0.0,0.285,0.303,0.0,-6.57,8.59,0,0,0,0.0,0.0,0,0.993,0.007,0.0
1766734088.724329,ALERT,0.99,16.7,0.248,0.222,0.0,-3.5,0.68,0,0,0,0.0,0.0,0,0.993,0.007,0.0
1766734089.0048416,ALERT,0.99,16.7,0.248,0.222,0.0,-3.5,0.68,0,0,0,0.0,0.0,0,0.993,0.006,0.0
1766734089.5352075,ALERT,0.99,100.0,0.219,0.012,0.0,-11.93,-10.32,0,0,0,0.0,0.0,0,0.993,0.006,0.0
1766734090.0962641,ALERT,0.99,100.0,0.219,0.012,0.0,-11.93,-10.32,0,0,0,0.0,0.0,0,0.993,0.007,0.0
1766734091.0333683,ALERT,0.99,20.0,0.342,0.083,0.0,16.68,-46.5,0,0,0,0.0,0.0,0,0.992,0.007,0.0
1766734091.7233248,ALERT,0.99,0.0,0.316,0.044,0.0,16.68,-46.5,0,0,0,0.0,0.0,0,0.992,0.007,0.0
1766734092.20302,ALERT,0.99,0.0,0.316,0.044,0.0,-8.76,-70.03,0,0,0,0.0,0.0,0,0.992,0.007,0.001
1766734092.5294125,ALERT,0.99,100.0,0.138,0.011,0.0,-8.76,-70.03,0,0,0,0.0,0.0,0,0.992,0.007,0.001
1766734092.8014474,ALERT,0.99,100.0,0.138,0.011,0.0,1.7,4.95,0,0,0,0.0,0.0,0,0.992,0.007,0.0
1766734093.2217615,ALERT,0.99,100.0,0.138,0.011,0.0,1.7,4.95,0,0,0,0.0,0.0,0,0.992,0.007,0.001
1766734094.0308862,ALERT,0.99,33.3,0.303,0.003,0.0,-8.9,23.23,0,0,0,0.0,0.0,0,0.992,0.007,0.001
1766734094.3494213,ALERT,0.99,20.0,0.314,0.004,0.0,-5.96,-6.41,0,0,0,0.0,0.0,0,0.992,0.007,0.001
1766734094.7311049,ALERT,0.99,20.0,0.314,0.004,0.0,-5.96,-6.41,0,0,0,0.0,0.0,0,0.992,0.007,0.001
1766734095.4296117,ALERT,0.99,0.0,0.326,0.003,0.0,-7.69,11.12,0,0,0,0.0,0.0,0,0.992,0.008,0.001
1766734095.7977564,ALERT,0.99,0.0,0.348,0.003,0.0,-7.47,11.82,0,0,0,0.0,0.0,0,0.992,0.008,0.001
1766734096.2162259,ALERT,0.99,0.0,0.348,0.003,0.0,-7.47,11.82,0,0,0,0.0,0.0,0,0.992,0.008,0.001
1766734096.5174787,ALERT,0.99,0.0,0.342,0.003,0.0,-7.47,11.82,0,0,0,0.0,0.0,0,0.992,0.008,0.001
1766734097.01771,ALERT,0.99,0.0,0.342,0.003,0.0,-8.45,10.53,0,0,0,0.0,0.0,0,0.992,0.008,0.001
1766734097.5947816,ALERT,0.99,0.0,0.337,0.002,0.0,-6.75,13.62,0,0,0,0.0,0.0,0,0.992,0.008,0.001
1766734098.529856,ALERT,0.99,0.0,0.291,0.003,0.0,-8.04,12.57,0,0,0,0.0,0.0,0,0.992,0.008,0.001
1766734099.2152267,ALERT,0.99,33.3,0.241,0.006,0.0,-8.52,10.91,0,0,0,0.0,0.0,0,0.992,0.008,0.001
1766734099.7005587,ALERT,0.99,33.3,0.324,0.004,0.0,-8.52,10.91,0,0,0,0.0,0.0,0,0.992,0.008,0.001
1766734100.0343602,ALERT,0.99,33.3,0.306,0.004,0.0,-17.46,32.52,0,0,0,0.0,0.0,0,0.991,0.008,0.001
1766734100.715268,ALERT,0.99,33.3,0.308,0.012,0.0,-90.0,46.79,0,0,0,0.0,0.0,0,0.991,0.008,0.001
1766734101.534237,ALERT,0.99,0.0,0.297,0.007,0.0,-18.36,37.59,0,0,0,0.0,0.0,0,0.991,0.008,0.001
1766734101.8654613,ALERT,0.99,0.0,0.297,0.007,0.0,-18.36,37.59,0,0,0,0.0,0.0,0,0.991,0.008,0.001
1766734102.2333374,ALERT,0.99,0.0,0.384,0.012,0.0,-5.45,-10.63,0,0,0,0.0,0.0,0,0.992,0.007,0.001
1766734102.9847734,ALERT,0.99,0.0,0.466,0.009,0.0,-11.67,34.48,0,0,0,0.0,0.0,0,0.992,0.007,0.001
1766734103.28136,ALERT,0.99,0.0,0.466,0.009,0.0,-59.48,-90.0,0,0,0,0.0,0.0,0,0.992,0.007,0.001
1766734103.7230074,ALERT,0.99,0.0,0.492,0.009,0.0,-59.48,-90.0,0,0,0,0.0,0.0,0,0.992,0.007,0.001
1766734104.0843613,ALERT,0.99,0.0,0.492,0.009,0.0,-39.48,-88.04,0,0,0,0.0,0.0,0,0.992,0.007,0.0
1766734104.52606,ALERT,0.99,0.0,0.44,0.011,0.0,-39.48,-88.04,0,0,0,0.0,0.0,0,0.993,0.007,0.0
1766734105.1683354,ALERT,0.99,0.0,0.44,0.011,0.0,-39.83,-87.91,0,0,0,0.0,0.0,0,0.993,0.007,0.0
1766734106.0218427,ALERT,0.99,0.0,0.315,0.014,0.0,-9.14,25.69,0,0,0,0.0,0.0,0,0.992,0.007,0.0
1766734106.7140234,ALERT,0.99,0.0,0.434,0.015,0.0,-5.94,-20.83,0,0,0,0.0,0.0,0,0.992,0.007,0.001
1766734107.261802,ALERT,0.99,0.0,0.322,0.003,0.0,-12.85,34.61,0,0,0,0.0,0.0,0,0.992,0.008,0.0
1766734107.5279286,ALERT,0.99,0.0,0.322,0.003,0.0,-12.85,34.61,0,0,0,0.0,0.0,0,0.992,0.007,0.0
1766734107.8090646,ALERT,0.99,0.0,0.319,0.013,0.0,-12.2,32.61,0,0,0,0.0,0.0,0,0.993,0.007,0.0
1766734108.2267785,ALERT,0.99,0.0,0.319,0.013,0.0,-12.2,32.61,0,0,0,0.0,0.0,0,0.993,0.007,0.0
1766734109.031147,ALERT,0.99,0.0,0.371,0.011,0.0,-11.01,19.55,0,0,0,0.0,0.0,0,0.993,0.007,0.0
1766734109.4082682,ALERT,0.99,0.0,0.328,0.008,0.0,-11.94,31.95,0,0,0,0.0,0.0,0,0.993,0.007,0.0
1766734109.71552,ALERT,0.99,0.0,0.328,0.008,0.0,-12.54,31.14,0,0,0,0.0,0.0,0,0.993,0.007,0.0
1766734110.4812756,ALERT,0.99,0.0,0.453,0.012,0.0,-19.86,-22.89,0,0,0,0.0,0.0,0,0.992,0.007,0.0
1766734110.7923071,ALERT,0.99,0.0,0.453,0.012,0.0,-19.86,-22.89,0,0,0,0.0,0.0,0,0.992,0.007,0.0
1766734111.2151911,ALERT,0.99,33.3,0.064,0.011,0.0,-1.99,6.05,0,0,0,0.0,0.0,0,0.992,0.007,0.0
1766734111.5695202,ALERT,0.99,33.3,0.064,0.011,0.0,-1.99,6.05,0,0,0,0.0,0.0,0,0.992,0.007,0.0
1766734112.0353246,ALERT,0.99,66.7,0.241,0.005,0.0,0.24,1.93,0,0,0,0.0,0.0,0,0.992,0.007,0.0
1766734112.6545424,ALERT,0.99,0.0,0.294,0.014,0.0,-11.0,30.68,0,0,0,0.0,0.0,0,0.992,0.007,0.001
1766734113.5403295,ALERT,0.99,0.0,0.319,0.008,0.0,-9.23,33.72,0,0,0,0.0,0.0,0,0.992,0.007,0.0
1766734114.2192822,ALERT,0.99,0.0,0.426,0.005,0.0,19.15,-21.28,0,0,0,0.0,0.0,0,0.993,0.007,0.0
1766734114.7612398,ALERT,0.99,0.0,0.426,0.005,0.0,19.15,-21.28,0,0,0,0.0,0.0,0,0.993,0.007,0.0
1766734115.277833,ALERT,0.99,0.0,0.285,0.01,0.0,-14.3,37.45,0,0,0,0.0,0.0,0,0.993,0.007,0.0
1766734115.7209115,ALERT,0.99,0.0,0.408,0.002,0.0,-14.3,37.45,0,0,0,0.0,0.0,0,0.993,0.007,0.0
1766734116.5211155,ALERT,0.99,0.0,0.474,0.01,0.0,33.5,-5.5,0,0,0,0.0,0.0,0,0.992,0.007,0.0
1766734116.8543868,ALERT,0.99,0.0,0.474,0.01,0.0,-39.72,-87.72,0,0,0,0.0,0.0,0,0.992,0.007,0.0
1766734117.2182639,ALERT,0.99,0.0,0.474,0.01,0.0,-39.72,-87.72,0,0,0,0.0,0.0,0,0.992,0.007,0.001
1766734117.9446597,ALERT,0.99,0.0,0.448,0.008,0.0,-41.64,-87.45,0,0,0,0.0,0.0,0,0.992,0.007,0.0
1766734118.2829876,ALERT,0.99,0.0,0.322,0.008,0.0,-7.32,20.1,0,0,0,0.0,0.0,0,0.992,0.008,0.001
1766734118.711575,ALERT,0.99,0.0,0.322,0.008,0.0,-7.32,20.1,0,0,0,0.0,0.0,0,0.992,0.008,0.001
1766734119.0242457,ALERT,0.99,0.0,0.383,0.009,0.0,-7.9,19.66,0,0,0,0.0,0.0,0,0.992,0.008,0.001
1766734119.5314193,ALERT,0.99,0.0,0.383,0.009,0.0,-7.9,19.66,0,0,0,0.0,0.0,0,0.992,0.008,0.001
1766734120.1037467,ALERT,0.99,0.0,0.31,0.008,0.0,-6.86,20.06,0,0,0,0.0,0.0,0,0.992,0.007,0.0
1766734121.0260806,ALERT,0.99,0.0,0.383,0.0,0.0,-7.36,19.56,0,0,0,0.0,0.0,0,0.992,0.007,0.0
1766734121.7154193,ALERT,0.99,0.0,0.386,0.012,0.0,-6.78,19.28,0,0,0,0.0,0.0,0,0.992,0.007,0.001
1766734122.2021234,ALERT,0.99,0.0,0.327,0.004,0.0,-9.58,30.99,0,0,0,0.0,0.0,0,0.992,0.007,0.0
1766734122.529431,ALERT,0.99,0.0,0.327,0.004,0.0,-9.58,30.99,0,0,0,0.0,0.0,0,0.992,0.007,0.0
1766734123.2142227,ALERT,0.99,0.0,0.381,0.006,0.0,-7.16,18.55,0,0,0,0.0,0.0,0,0.992,0.007,0.0
1766734124.0182781,ALERT,0.99,0.0,0.444,0.006,0.0,-40.93,-86.36,0,0,0,0.0,0.0,0,0.992,0.007,0.0
1766734124.326986,ALERT,0.99,0.0,0.444,0.006,0.0,-40.93,-86.36,0,0,0,0.0,0.0,0,0.992,0.007,0.0
1766734124.7387073,ALERT,0.99,0.0,0.383,0.003,0.0,-7.37,19.35,0,0,0,0.0,0.0,0,0.992,0.007,0.0
1766734125.4128282,ALERT,0.99,0.0,0.425,0.006,0.0,-12.3,-23.43,0,0,0,0.0,0.0,0,0.992,0.007,0.0
1766734125.7992125,ALERT,0.99,0.0,0.425,0.006,0.0,-12.3,-23.43,0,0,0,0.0,0.0,0,0.992,0.008,0.0
1766734126.245565,ALERT,0.99,0.0,0.322,0.009,0.0,-9.74,30.85,0,0,0,0.0,0.0,0,0.992,0.007,0.0
1766734127.0370417,ALERT,0.99,0.0,0.319,0.006,0.0,-8.96,29.71,0,0,0,0.0,0.0,0,0.993,0.006,0.0
1766734127.5182493,ALERT,0.99,0.0,0.319,0.006,0.0,-8.96,29.71,0,0,0,0.0,0.0,0,0.993,0.007,0.0
1766734128.5283937,ALERT,0.99,0.0,0.306,0.002,0.0,-6.07,18.76,0,0,0,0.0,0.0,0,0.993,0.007,0.0
1766734129.2190597,ALERT,0.99,0.0,0.306,0.002,0.0,-8.09,20.85,0,0,0,0.0,0.0,0,0.993,0.007,0.0
1766734129.6637475,ALERT,0.99,0.0,0.308,0.004,0.0,-8.22,21.59,0,0,0,0.0,0.0,0,0.993,0.007,0.0
1766734130.0237417,ALERT,0.99,0.0,0.308,0.004,0.0,-8.22,21.59,0,0,0,0.0,0.0,0,0.992,0.007,0.0
1766734130.7228658,ALERT,0.99,0.0,0.365,0.003,0.0,-7.58,19.68,0,0,0,0.0,0.0,0,0.992,0.007,0.0
1766734131.5829282,ALERT,0.99,0.0,0.323,0.005,0.0,-8.16,28.78,0,0,0,0.0,0.0,0,0.993,0.007,0.0
1766734132.2209477,ALERT,0.99,0.0,0.304,0.001,0.0,-7.24,27.8,0,0,0,0.0,0.0,0,0.993,0.007,0.0
1766734132.8610742,ALERT,0.99,0.0,0.346,0.005,0.0,-5.54,19.77,0,0,0,0.0,0.0,0,0.992,0.007,0.0
1766734133.2929356,ALERT,0.99,0.0,0.346,0.005,0.0,-5.54,19.77,0,0,0,0.0,0.0,0,0.992,0.007,0.001
1766734133.7479372,ALERT,0.99,0.0,0.309,0.002,0.0,-6.55,21.07,0,0,0,0.0,0.0,0,0.992,0.007,0.0
1766734134.5314832,ALERT,0.99,0.0,0.341,0.002,0.0,-6.8,28.77,0,0,0,0.0,0.0,0,0.992,0.007,0.0
1766734134.9692657,ALERT,0.99,0.0,0.369,0.007,0.0,5.29,-16.8,0,0,0,0.0,0.0,0,0.993,0.007,0.0
1766734136.0340395,ALERT,0.99,0.0,0.301,0.004,0.0,-5.98,20.18,0,0,0,0.0,0.0,0,0.993,0.007,0.0
1766734136.3396626,ALERT,0.99,0.0,0.301,0.004,0.0,-5.98,20.18,0,0,0,0.0,0.0,0,0.992,0.007,0.0
1766734136.7176461,ALERT,0.99,0.0,0.325,0.003,0.0,-6.32,21.82,0,0,0,0.0,0.0,0,0.992,0.007,0.0
1766734137.162206,ALERT,0.99,0.0,0.325,0.003,0.0,-6.32,21.82,0,0,0,0.0,0.0,0,0.993,0.007,0.0
1766734137.5321827,ALERT,0.99,0.0,0.302,0.001,0.0,-5.6,28.22,0,0,0,0.0,0.0,0,0.992,0.007,0.0
1766734138.2213852,ALERT,0.99,0.0,0.316,0.004,0.0,-6.27,28.69,0,0,0,0.0,0.0,0,0.992,0.007,0.0
1766734139.0252588,ALERT,0.99,0.0,0.312,0.005,0.0,-7.03,20.29,0,0,0,0.0,0.0,0,0.993,0.007,0.0
1766734139.3505254,ALERT,0.99,0.0,0.312,0.005,0.0,-7.03,20.29,0,0,0,0.0,0.0,0,0.993,0.007,0.0
1766734139.717622,ALERT,0.99,0.0,0.328,0.003,0.0,-7.03,20.29,0,0,0,0.0,0.0,0,0.992,0.007,0.0
1766734140.459961,ALERT,0.99,0.0,0.328,0.003,0.0,-7.07,20.63,0,0,0,0.0,0.0,0,0.992,0.007,0.001
1766734140.7781532,ALERT,0.99,0.0,0.313,0.003,0.0,-5.43,20.69,0,0,0,0.0,0.0,0,0.992,0.007,0.001
1766734141.230058,ALERT,0.99,0.0,0.313,0.003,0.0,-5.43,20.69,0,0,0,0.0,0.0,0,0.992,0.007,0.0
1766734141.5457773,ALERT,0.99,0.0,0.333,0.002,0.0,-6.0,28.52,0,0,0,0.0,0.0,0,0.992,0.007,0.001
1766734142.0211363,ALERT,0.99,0.0,0.333,0.002,0.0,-6.0,28.52,0,0,0,0.0,0.0,0,0.992,0.007,0.0
1766734142.2883775,ALERT,0.99,0.0,0.305,0.005,0.0,-6.17,27.48,0,0,0,0.0,0.0,0,0.993,0.007,0.0
1766734142.6271589,ALERT,0.99,0.0,0.305,0.005,0.0,-6.17,27.48,0,0,0,0.0,0.0,0,0.993,0.007,0.0
1766734143.5311673,ALERT,0.99,0.0,0.359,0.004,0.0,-5.91,19.46,0,0,0,0.0,0.0,0,0.993,0.007,0.0
1766734144.2229254,ALERT,0.99,0.0,0.298,0.001,0.0,-6.18,27.38,0,0,0,0.0,0.0,0,0.993,0.007,0.0
1766734144.7174711,ALERT,0.99,0.0,0.334,0.004,0.0,-6.86,21.03,0,0,0,0.0,0.0,0,0.993,0.007,0.0
1766734145.022049,ALERT,0.99,0.0,0.334,0.004,0.0,-6.86,21.03,0,0,0,0.0,0.0,0,0.993,0.007,0.0
1766734145.710588,ALERT,0.99,0.0,0.307,0.005,0.0,-7.19,27.78,0,0,0,0.0,0.0,0,0.993,0.007,0.0
1766734146.5345135,ALERT,0.99,0.0,0.329,0.005,0.0,-6.23,21.78,0,0,0,0.0,0.0,0,0.992,0.007,0.0
1766734146.8234873,ALERT,0.99,0.0,0.329,0.005,0.0,-6.23,21.78,0,0,0,0.0,0.0,0,0.993,0.007,0.0
1766734147.2151062,ALERT,0.99,0.0,0.322,0.005,0.0,-6.51,28.73,0,0,0,0.0,0.0,0,0.993,0.007,0.0
1766734147.901411,ALERT,0.99,0.0,0.314,0.004,0.0,-6.0,20.43,0,0,0,0.0,0.0,0,0.992,0.007,0.0
1766734148.2816916,ALERT,0.99,0.0,0.314,0.004,0.0,-6.0,20.43,0,0,0,0.0,0.0,0,0.993,0.007,0.0
1766734148.7171113,ALERT,0.99,0.0,0.31,0.002,0.0,-6.61,21.36,0,0,0,0.0,0.0,0,0.993,0.007,0.0
1766734149.5293038,ALERT,0.99,0.0,0.345,0.007,0.0,-6.73,19.65,0,0,0,0.0,0.0,0,0.992,0.007,0.0
1766734149.9897826,ALERT,0.99,0.0,0.345,0.007,0.0,-6.73,19.65,0,0,0,0.0,0.0,0,0.992,0.007,0.0
1766734151.021077,ALERT,0.99,0.0,0.366,0.006,0.0,-5.58,19.57,0,0,0,0.0,0.0,0,0.993,0.007,0.0
1766734151.7259486,ALERT,0.99,0.0,0.332,0.001,0.0,-5.58,19.57,0,0,0,0.0,0.0,0,0.993,0.007,0.0
1766734152.141333,ALERT,0.99,0.0,0.332,0.001,0.0,-6.49,20.01,0,0,0,0.0,0.0,0,0.993,0.007,0.0
1766734152.5406437,ALERT,0.99,0.0,0.31,0.003,0.0,-6.49,20.01,0,0,0,0.0,0.0,0,0.993,0.007,0.0
1766734153.2306929,ALERT,0.99,0.0,0.31,0.003,0.0,-6.23,20.43,0,0,0,0.0,0.0,0,0.993,0.007,0.0
1766734154.0405436,ALERT,0.99,0.0,0.309,0.005,0.0,-5.48,20.39,0,0,0,0.0,0.0,0,0.993,0.007,0.0
1766734154.337091,ALERT,0.99,0.0,0.332,0.002,0.0,-5.04,20.84,0,0,0,0.0,0.0,0,0.993,0.007,0.0
1766734154.731432,ALERT,0.99,0.0,0.332,0.002,0.0,-5.04,20.84,0,0,0,0.0,0.0,0,0.993,0.007,0.0
1766734155.4795818,ALERT,0.99,0.0,0.33,0.002,0.0,-5.58,21.1,0,0,0,0.0,0.0,0,0.993,0.007,0.0
1766734155.7840254,ALERT,0.99,0.0,0.311,0.002,0.0,-5.87,20.54,0,0,0,0.0,0.0,0,0.993,0.007,0.0
1766734156.2197576,ALERT,0.99,0.0,0.311,0.002,0.0,-6.67,21.13,0,0,0,0.0,0.0,0,0.993,0.007,0.0
1766734156.590866,ALERT,0.99,0.0,0.389,0.003,0.0,87.11,-49.33,0,0,0,0.0,0.0,0,0.993,0.007,0.0
1766734157.0371296,ALERT,0.99,0.0,0.389,0.003,0.0,87.11,-49.33,0,0,0,0.0,0.0,0,0.992,0.007,0.0
1766734157.67104,ALERT,0.99,0.0,0.345,0.002,0.0,-5.04,19.98,0,0,0,0.0,0.0,0,0.993,0.007,0.0
1766734158.5332296,ALERT,0.99,0.0,0.357,0.004,0.0,-5.95,19.79,0,0,0,0.0,0.0,0,0.993,0.007,0.0
1766734159.2170088,ALERT,0.99,0.0,0.326,0.004,0.0,-6.53,20.27,0,0,0,0.0,0.0,0,0.993,0.007,0.0
1766734159.780985,ALERT,0.99,0.0,0.363,0.004,0.0,-6.42,20.12,0,0,0,0.0,0.0,0,0.992,0.007,0.0
1766734160.2743661,ALERT,0.99,0.0,0.363,0.004,0.0,-6.35,19.6,0,0,0,0.0,0.0,0,0.993,0.007,0.0
1766734160.7128935,ALERT,0.99,0.0,0.343,0.002,0.0,-6.4,19.69,0,0,0,0.0,0.0,0,0.993,0.007,0.0
1766734161.5202508,ALERT,0.99,0.0,0.341,0.006,0.0,-7.56,19.46,0,0,0,0.0,0.0,0,0.993,0.007,0.0
1766734161.879292,ALERT,0.99,0.0,0.341,0.006,0.0,-7.56,19.46,0,0,0,0.0,0.0,0,0.993,0.007,0.0
1766734162.2245877,ALERT,0.99,0.0,0.36,0.002,0.0,-5.71,19.26,0,0,0,0.0,0.0,0,0.993,0.007,0.0
1766734162.9750981,ALERT,0.99,0.0,0.315,0.003,0.0,-5.58,28.52,0,0,0,0.0,0.0,0,0.993,0.007,0.0
1766734163.273258,ALERT,0.99,0.0,0.315,0.003,0.0,-5.49,21.28,0,0,0,0.0,0.0,0,0.993,0.007,0.0
1766734163.7181306,ALERT,0.99,0.0,0.35,0.002,0.0,-5.49,21.28,0,0,0,0.0,0.0,0,0.993,0.007,0.0
1766734164.057099,ALERT,0.99,0.0,0.35,0.002,0.0,-4.72,17.24,0,0,0,0.0,0.0,0,0.993,0.007,0.0
1766734164.5429354,ALERT,0.99,0.0,0.305,0.002,0.0,-4.72,17.24,0,0,0,0.0,0.0,0,0.993,0.007,0.0
1766734165.1427572,ALERT,0.99,0.0,0.305,0.002,0.0,-7.15,27.11,0,0,0,0.0,0.0,0,0.993,0.007,0.0
1766734166.025111,ALERT,0.99,0.0,0.339,0.003,0.0,10.96,5.21,0,0,0,0.0,0.0,0,0.993,0.007,0.0
1766734166.7153368,ALERT,0.99,0.0,0.321,0.003,0.0,-5.88,20.1,0,0,0,0.0,0.0,0,0.992,0.007,0.0
1766734167.2429235,ALERT,0.99,0.0,0.309,0.003,0.0,-6.36,20.41,0,0,0,0.0,0.0,0,0.993,0.007,0.0
1766734167.5270514,ALERT,0.99,0.0,0.309,0.003,0.0,-6.36,20.41,0,0,0,0.0,0.0,0,0.993,0.007,0.0
1766734168.2130816,ALERT,0.99,0.0,0.298,0.006,0.0,-6.19,20.6,0,0,0,0.0,0.0,0,0.993,0.007,0.0
1766734169.0330966,ALERT,0.99,0.0,0.361,0.004,0.0,-6.24,19.39,0,0,0,0.0,0.0,0,0.993,0.007,0.0
1766734169.3580194,ALERT,0.99,0.0,0.301,0.003,0.0,-6.24,19.39,0,0,0,0.0,0.0,0,0.993,0.007,0.0
1766734169.7371144,ALERT,0.99,0.0,0.301,0.003,0.0,-7.49,26.11,0,0,0,0.0,0.0,0,0.993,0.007,0.0
1766734170.4544845,ALERT,0.99,0.0,0.351,0.009,0.0,-6.64,15.46,0,0,0,0.0,0.0,0,0.993,0.007,0.0
1766734170.78087,ALERT,0.99,0.0,0.351,0.009,0.0,-6.64,15.46,0,0,0,0.0,0.0,0,0.993,0.007,0.0
1766734171.2360766,ALERT,0.99,0.0,0.338,0.002,0.0,-5.94,15.28,0,0,0,0.0,0.0,0,0.993,0.007,0.0
1766734171.5476556,ALERT,0.99,0.0,0.338,0.002,0.0,-5.94,15.28,0,0,0,0.0,0.0,0,0.993,0.007,0.0
1766734172.043979,ALERT,0.99,0.0,0.35,0.003,0.0,-5.73,18.24,0,0,0,0.0,0.0,0,0.992,0.007,0.0
1766734172.6480331,ALERT,0.99,0.0,0.339,0.004,0.0,5.26,-16.82,0,0,0,0.0,0.0,0,0.992,0.007,0.0
1766734173.5218494,ALERT,0.99,0.0,0.379,0.001,0.0,-41.24,-87.01,0,0,0,0.0,0.0,0,0.992,0.007,0.0
1766734174.2335489,ALERT,0.99,0.0,0.325,0.001,0.0,-6.33,25.42,0,0,0,0.0,0.0,0,0.992,0.007,0.0
1766734174.7741323,ALERT,0.99,0.0,0.325,0.001,0.0,-6.33,25.42,0,0,0,0.0,0.0,0,0.993,0.007,0.0
1766734175.2806764,ALERT,0.99,0.0,0.331,0.002,0.0,-4.93,24.6,0,0,0,0.0,0.0,0,0.993,0.007,0.0
1766734175.7324011,ALERT,0.99,0.0,0.344,0.006,0.0,-4.93,24.6,0,0,0,0.0,0.0,0,0.992,0.007,0.0
1766734176.5433412,ALERT,0.99,0.0,0.338,0.005,0.0,-5.12,16.56,0,0,0,0.0,0.0,0,0.992,0.007,0.0
1766734176.869528,ALERT,0.99,0.0,0.338,0.005,0.0,-6.43,18.26,0,0,0,0.0,0.0,0,0.993,0.007,0.0
1766734177.2153,ALERT,0.99,0.0,0.338,0.005,0.0,-6.43,18.26,0,0,0,0.0,0.0,0,0.993,0.007,0.0
1766734177.9514441,ALERT,0.99,0.0,0.334,0.004,0.0,-6.2,16.8,0,0,0,0.0,0.0,0,0.992,0.007,0.0
1766734178.2956684,ALERT,0.99,0.0,0.355,0.004,0.0,-5.45,19.53,0,0,0,0.0,0.0,0,0.993,0.007,0.0
1766734178.7210984,ALERT,0.99,0.0,0.355,0.004,0.0,-5.45,19.53,0,0,0,0.0,0.0,0,0.993,0.007,0.0
1766734179.053343,ALERT,0.99,0.0,0.358,0.001,0.0,-5.11,18.65,0,0,0,0.0,0.0,0,0.993,0.007,0.0
1766734179.533421,ALERT,0.99,0.0,0.358,0.001,0.0,-5.11,18.65,0,0,0,0.0,0.0,0,0.992,0.007,0.0
1766734180.1371453,ALERT,0.99,0.0,0.345,0.004,0.0,-6.47,17.49,0,0,0,0.0,0.0,0,0.993,0.007,0.0
1766734181.01945,ALERT,0.99,0.0,0.319,0.002,0.0,-5.35,23.52,0,0,0,0.0,0.0,0,0.993,0.007,0.0
1766734181.711441,ALERT,0.99,33.3,0.118,0.008,0.0,5.29,-16.78,0,0,0,0.0,0.0,0,0.993,0.007,0.0
1766734182.2321825,ALERT,0.99,66.7,0.038,0.008,0.0,-8.69,14.34,0,0,0,0.0,0.0,0,0.993,0.007,0.0
1766734182.5296557,ALERT,0.99,66.7,0.038,0.008,0.0,-8.69,14.34,0,0,0,0.0,0.0,0,0.993,0.007,0.0
1766734183.2212288,ALERT,0.99,100.0,0.042,0.003,0.0,-7.35,15.14,0,0,0,0.0,0.0,0,0.992,0.007,0.0
1766734184.0210636,ALERT,0.99,100.0,0.06,0.005,0.0,-7.25,22.95,0,0,0,0.0,0.0,0,0.992,0.007,0.001
1766734184.3152633,ALERT,0.99,100.0,0.06,0.005,0.0,-7.25,22.95,0,0,0,0.0,0.0,0,0.992,0.007,0.001
1766734184.7395635,ALERT,0.99,100.0,0.06,0.005,0.0,-8.44,16.69,0,0,0,0.0,0.0,0,0.992,0.008,0.001
1766734185.4438574,ALERT,0.99,66.7,0.326,0.002,0.0,-6.24,15.38,0,0,0,0.0,0.0,0,0.992,0.007,0.001
1766734185.7979102,ALERT,0.99,66.7,0.326,0.002,0.0,-6.24,15.38,0,0,0,0.0,0.0,0,0.991,0.008,0.001
1766734186.2135327,ALERT,0.99,33.3,0.335,0.001,0.0,-6.35,18.07,0,0,0,0.0,0.0,0,0.991,0.008,0.001
1766734186.5479145,ALERT,0.99,33.3,0.335,0.001,0.0,-6.35,18.07,0,0,0,0.0,0.0,0,0.991,0.008,0.001
1766734187.0244606,ALERT,0.99,0.0,0.343,0.003,0.0,-5.64,15.58,0,0,0,0.0,0.0,0,0.991,0.008,0.001
1766734187.6293359,ALERT,0.99,0.0,0.343,0.003,0.0,-5.64,15.58,0,0,0,0.0,0.0,0,0.991,0.008,0.001
1766734188.535854,ALERT,0.99,0.0,0.26,0.004,0.0,-7.2,17.21,0,0,0,0.0,0.0,0,0.991,0.008,0.001
1766734189.2388463,ALERT,0.99,0.0,0.26,0.004,0.0,-8.63,17.48,0,0,0,0.0,0.0,0,0.991,0.008,0.001
1766734189.7315667,ALERT,0.99,0.0,0.327,0.004,0.0,-6.46,17.81,0,0,0,0.0,0.0,0,0.991,0.008,0.001
1766734190.026138,ALERT,0.99,0.0,0.327,0.004,0.0,-6.46,17.81,0,0,0,0.0,0.0,0,0.991,0.008,0.001
1766734190.7293284,ALERT,0.99,0.0,0.316,0.002,0.0,-7.52,20.2,0,0,0,0.0,0.0,0,0.991,0.008,0.001
1766734191.5220666,ALERT,0.99,0.0,0.339,0.005,0.0,-7.24,20.59,0,0,0,0.0,0.0,0,0.991,0.008,0.001
1766734191.8729253,ALERT,0.99,0.0,0.329,0.005,0.0,-7.64,21.53,0,0,0,0.0,0.0,0,0.991,0.008,0.001
1766734192.2210114,ALERT,0.99,0.0,0.329,0.005,0.0,-7.64,21.53,0,0,0,0.0,0.0,0,0.991,0.008,0.001
1766734204.9104495,NO_FACE,0.0,0,0,0,0,0,0,0,0,0,0,0,0,0,0,0
1766734217.6506538,ALERT,0.99,0.0,0.328,0.01,0.0,-0.15,-0.44,0,0,0,0.0,0.0,0,0.993,0.007,0.0
1766734218.0344903,ALERT,0.99,0.0,0.328,0.01,0.0,-0.68,0.74,0,0,0,0.0,0.0,0,0.993,0.007,0.0
1766734218.5394933,ALERT,0.99,0.0,0.301,0.008,0.0,0.29,-2.05,0,0,0,0.0,0.0,0,0.993,0.007,0.0
1766734219.2120476,ALERT,0.99,0.0,0.329,0.006,0.0,-0.14,0.38,0,0,0,0.0,0.0,0,0.993,0.007,0.0
1766734219.8589814,ALERT,0.99,0.0,0.334,0.007,0.0,-1.17,-0.23,0,0,0,0.0,0.0,0,0.993,0.007,0.0
1766734220.2851584,ALERT,0.99,0.0,0.334,0.007,0.0,-1.17,-0.23,0,0,0,0.0,0.0,0,0.993,0.007,0.0
1766734220.7156982,ALERT,0.99,0.0,0.312,0.01,0.0,0.02,0.01,0,0,0,0.0,0.0,0,0.993,0.007,0.0
1766734221.5270634,ALERT,0.99,0.0,0.339,0.005,0.0,-0.74,0.24,0,0,0,0.0,0.0,0,0.993,0.007,0.0
1766734221.7929962,ALERT,0.99,0.0,0.339,0.005,0.0,-0.74,0.24,0,0,0,0.0,0.0,0,0.993,0.007,0.0
1766734222.215381,ALERT,0.99,0.0,0.324,0.006,0.0,-0.78,-0.52,0,0,0,0.0,0.0,0,0.993,0.007,0.0
1766734222.9809852,ALERT,0.99,0.0,0.326,0.006,0.0,-1.49,-1.73,0,0,0,0.0,0.0,0,0.993,0.007,0.0
1766734223.2729895,ALERT,0.99,0.0,0.326,0.006,0.0,0.06,-1.5,0,0,0,0.0,0.0,0,0.993,0.007,0.0
1766734223.7275975,ALERT,0.99,0.0,0.357,0.005,0.0,0.06,-1.5,0,0,0,0.0,0.0,0,0.993,0.007,0.0
1766734224.064497,ALERT,0.99,0.0,0.357,0.005,0.0,-2.21,2.59,0,0,0,0.0,0.0,0,0.993,0.007,0.0
1766734224.519251,ALERT,0.99,16.7,0.05,0.001,0.0,-2.21,2.59,0,0,0,0.0,0.0,0,0.993,0.007,0.0
1766734225.146808,ALERT,0.99,33.3,0.062,0.004,0.0,-1.03,5.53,0,0,0,0.0,0.0,0,0.993,0.007,0.0
1766734226.0190413,ALERT,0.99,33.3,0.34,0.006,0.0,-0.75,4.29,0,0,0,0.0,0.0,0,0.993,0.007,0.0
1766734226.7178628,ALERT,0.99,33.3,0.356,0.001,0.0,-0.27,0.72,0,0,0,0.0,0.0,0,0.992,0.007,0.0
1766734227.2422853,ALERT,0.99,0.0,0.353,0.011,0.0,-2.11,-0.17,0,0,0,0.0,0.0,0,0.992,0.007,0.0
1766734227.5271344,ALERT,0.99,0.0,0.353,0.011,0.0,-2.11,-0.17,0,0,0,0.0,0.0,0,0.992,0.007,0.0
1766734228.2228866,ALERT,0.99,0.0,0.345,0.008,0.0,-2.63,2.25,0,0,0,0.0,0.0,0,0.992,0.007,0.0
1766734229.015152,ALERT,0.99,0.0,0.333,0.003,0.0,-0.54,8.94,0,0,0,0.0,0.0,0,0.992,0.007,0.0
1766734229.3807259,ALERT,0.99,0.0,0.345,0.018,0.0,-1.1,2.31,0,0,0,0.0,0.0,0,0.992,0.007,0.0
1766734229.7140949,ALERT,0.99,0.0,0.345,0.018,0.0,-1.41,2.68,0,0,0,0.0,0.0,0,0.992,0.007,0.0
1766734230.461487,ALERT,0.99,0.0,0.34,0.006,0.0,-1.91,4.18,0,0,0,0.0,0.0,0,0.992,0.007,0.0
1766734230.7928014,ALERT,0.99,0.0,0.34,0.006,0.0,-1.91,4.18,0,0,0,0.0,0.0,0,0.992,0.007,0.0
1766734231.215322,ALERT,0.99,33.3,0.069,0.009,0.0,-3.99,-1.18,0,0,0,0.0,0.0,0,0.993,0.007,0.0
1766734231.5460413,ALERT,0.99,33.3,0.069,0.009,0.0,-3.99,-1.18,0,0,0,0.0,0.0,0,0.993,0.007,0.0
1766734232.025237,ALERT,0.99,66.7,0.048,0.005,0.0,-4.72,0.03,0,0,0,0.0,0.0,0,0.992,0.007,0.0
1766734232.628178,ALERT,0.99,100.0,0.049,0.001,0.0,-5.34,4.51,0,0,0,0.0,0.0,0,0.992,0.007,0.0
1766734233.5461626,ALERT,0.99,100.0,0.093,0.006,0.0,-1.99,-0.06,0,0,0,0.0,0.0,0,0.992,0.007,0.001
1766734234.2175167,ALERT,0.99,66.7,0.339,0.008,0.0,-1.08,6.18,0,0,0,0.0,0.0,0,0.992,0.007,0.001
1766734234.7468922,ALERT,0.99,66.7,0.339,0.008,0.0,-1.08,6.18,0,0,0,0.0,0.0,0,0.992,0.008,0.001
1766734235.03856,ALERT,0.99,50.0,0.242,0.007,0.0,-2.76,5.0,0,0,0,0.0,0.0,0,0.992,0.008,0.001
1766734235.7401977,ALERT,0.99,16.7,0.258,0.004,0.0,-2.76,5.0,0,0,0,0.0,0.0,0,0.992,0.008,0.001
1766734236.5452893,ALERT,0.99,16.7,0.339,0.008,0.0,3.92,-10.05,0,0,0,0.0,0.0,0,0.992,0.008,0.001
1766734236.9061625,ALERT,0.99,16.7,0.339,0.008,0.0,-2.64,11.39,0,0,0,0.0,0.0,0,0.991,0.008,0.001
1766734237.214477,ALERT,0.99,16.7,0.339,0.008,0.0,-2.64,11.39,0,0,0,0.0,0.0,0,0.991,0.008,0.001
1766734237.9999733,ALERT,0.99,0.0,0.364,0.003,0.0,-3.14,12.95,0,0,0,0.0,0.0,0,0.991,0.008,0.001
1766734238.3150675,ALERT,0.99,0.0,0.332,0.002,0.0,-3.11,8.62,0,0,0,0.0,0.0,0,0.991,0.008,0.001
1766734238.7177033,ALERT,0.99,0.0,0.332,0.002,0.0,-3.11,8.62,0,0,0,0.0,0.0,0,0.991,0.008,0.001
1766734239.079403,ALERT,0.99,0.0,0.372,0.01,0.0,-2.37,14.24,0,0,0,0.0,0.0,0,0.991,0.008,0.001
1766734239.5222259,ALERT,0.99,0.0,0.372,0.01,0.0,-2.37,14.24,0,0,0,0.0,0.0,0,0.991,0.008,0.001
1766734240.1652226,ALERT,0.99,0.0,0.372,0.001,0.0,-4.21,12.67,0,0,0,0.0,0.0,0,0.991,0.008,0.001
1766734241.0425904,ALERT,0.99,0.0,0.36,0.002,0.0,-4.73,12.12,0,0,0,0.0,0.0,0,0.992,0.007,0.0
1766734241.7182622,ALERT,0.99,0.0,0.366,0.003,0.0,-3.95,13.43,0,0,0,0.0,0.0,0,0.992,0.008,0.001
1766734359.670945,NO_FACE,0.0,0,0,0,0,0,0,0,0,0,0,0,0,0,0,0
1766734370.1404235,ALERT,0.99,0.0,0.326,0.012,0.0,-4.12,-9.17,0,0,0,0.0,0.0,0,0.992,0.007,0.0
1766734370.5219462,ALERT,0.99,0.0,0.326,0.012,0.0,-4.71,-12.49,0,0,0,0.0,0.0,0,0.993,0.007,0.0
1766734370.9046102,ALERT,0.99,0.0,0.326,0.012,0.0,-4.71,-12.49,0,0,0,0.0,0.0,0,0.993,0.007,0.0
1766734371.2546945,ALERT,0.99,0.0,0.349,0.002,0.0,-2.57,-9.38,0,0,0,0.0,0.0,0,0.993,0.007,0.0
1766734371.627996,ALERT,0.99,0.0,0.349,0.002,0.0,-2.57,-9.38,0,0,0,0.0,0.0,0,0.993,0.007,0.0
1766734372.0036318,ALERT,0.99,0.0,0.339,0.01,0.0,-4.38,-10.68,0,0,0,0.0,0.0,0,0.992,0.007,0.0
1766734372.3386438,ALERT,0.99,0.0,0.339,0.01,0.0,-4.38,-10.68,0,0,0,0.0,0.0,0,0.992,0.007,0.0
1766734372.7199643,ALERT,0.99,33.3,0.065,0.001,0.0,-8.9,-9.31,0,0,0,0.0,0.0,0,0.993,0.007,0.0
1766734373.100221,ALERT,0.99,33.3,0.065,0.001,0.0,-8.9,-9.31,0,0,0,0.0,0.0,0,0.993,0.007,0.0
1766734373.4234731,ALERT,0.99,33.3,0.345,0.002,0.0,-6.97,-10.63,0,0,0,0.0,0.0,0,0.993,0.007,0.0
1766734373.8013651,ALERT,0.99,33.3,0.345,0.002,0.0,-6.97,-10.63,0,0,0,0.0,0.0,0,0.992,0.007,0.0
1766734374.1793902,ALERT,0.99,33.3,0.339,0.004,0.0,-4.99,-8.58,0,0,0,0.0,0.0,0,0.992,0.007,0.0
1766734374.5035613,ALERT,0.99,33.3,0.339,0.004,0.0,-4.99,-8.58,0,0,0,0.0,0.0,0,0.992,0.007,0.001
1766734374.881471,ALERT,0.99,33.3,0.339,0.004,0.0,-4.99,-8.58,0,0,0,0.0,0.0,0,0.992,0.007,0.001
1766734375.2527885,ALERT,0.99,0.0,0.337,0.003,0.0,-5.34,-11.51,0,0,0,0.0,0.0,0,0.992,0.007,0.001
1766734375.5841825,ALERT,0.99,0.0,0.337,0.003,0.0,-5.34,-11.51,0,0,0,0.0,0.0,0,0.992,0.007,0.001
1766734375.9693377,ALERT,0.99,0.0,0.336,0.003,0.0,-6.44,-9.68,0,0,0,0.0,0.0,0,0.992,0.007,0.001
1766734376.349024,ALERT,0.99,0.0,0.336,0.003,0.0,-6.44,-9.68,0,0,0,0.0,0.0,0,0.992,0.007,0.001
1766734376.611534,NO_FACE,0.0,0,0,0,0,0,0,0,0,0,0,0,0,0,0,0
1766734376.9709973,NO_FACE,0.0,0,0,0,0,0,0,0,0,0,0,0,0,0,0,0
1766734377.2799003,NO_FACE,0.0,0,0,0,0,0,0,0,0,0,0,0,0,0,0,0
1766734386.6683412,ALERT,0.99,0.0,0.378,0.01,0.0,-4.94,4.94,0,0,0,0.0,0.0,0,0.992,0.007,0.0
1766734387.0429778,ALERT,0.99,0.0,0.364,0.004,0.0,-4.48,3.28,0,0,0,0.0,0.0,0,0.992,0.007,0.0
1766734387.4131227,ALERT,0.99,0.0,0.364,0.004,0.0,-4.48,3.28,0,0,0,0.0,0.0,0,0.992,0.007,0.0
1766734387.784686,ALERT,0.99,0.0,0.399,0.007,0.0,-5.19,2.61,0,0,0,0.0,0.0,0,0.992,0.007,0.0
1766734388.1566012,ALERT,0.99,0.0,0.399,0.007,0.0,-4.49,2.37,0,0,0,0.0,0.0,0,0.992,0.007,0.0
1766734388.552484,ALERT,0.99,0.0,0.379,0.014,0.0,-4.49,2.37,0,0,0,0.0,0.0,0,0.992,0.007,0.0
1766734388.8994536,ALERT,0.99,0.0,0.379,0.014,0.0,-5.93,1.41,0,0,0,0.0,0.0,0,0.992,0.007,0.0
1766734389.287031,ALERT,0.99,0.0,0.379,0.014,0.0,-5.93,1.41,0,0,0,0.0,0.0,0,0.992,0.007,0.0
1766734389.6573899,ALERT,0.99,0.0,0.362,0.014,0.0,-6.35,-0.57,0,0,0,0.0,0.0,0,0.992,0.007,0.0
1766734389.9966712,ALERT,0.99,0.0,0.362,0.014,0.0,-6.35,-0.57,0,0,0,0.0,0.0,0,0.992,0.007,0.0
1766734390.3743005,ALERT,0.99,0.0,0.372,0.002,0.0,-3.98,1.22,0,0,0,0.0,0.0,0,0.992,0.007,0.0
1766734390.7531648,ALERT,0.99,0.0,0.372,0.002,0.0,-3.98,1.22,0,0,0,0.0,0.0,0,0.992,0.007,0.0
1766734391.0968866,ALERT,0.99,0.0,0.399,0.007,0.0,-5.83,4.05,0,0,0,0.0,0.0,0,0.992,0.007,0.0
1766734391.4681227,ALERT,0.99,0.0,0.399,0.007,0.0,-5.83,4.05,0,0,0,0.0,0.0,0,0.992,0.007,0.0
1766734391.846014,ALERT,0.99,0.0,0.393,0.003,0.0,-6.71,4.85,0,0,0,0.0,0.0,0,0.992,0.007,0.0
1766734392.1880236,ALERT,0.99,0.0,0.393,0.003,0.0,-6.71,4.85,0,0,0,0.0,0.0,0,0.992,0.007,0.0
1766734392.5681272,ALERT,0.99,0.0,0.392,0.004,0.0,-6.71,4.85,0,0,0,0.0,0.0,0,0.992,0.007,0.0
1766734392.949384,ALERT,0.99,0.0,0.392,0.004,0.0,-6.16,2.46,0,0,0,0.0,0.0,0,0.992,0.007,0.0
1766734393.2692797,ALERT,0.99,0.0,0.392,0.004,0.0,-6.16,2.46,0,0,0,0.0,0.0,0,0.992,0.007,0.0
1766734393.6428087,ALERT,0.99,0.0,0.374,0.003,0.0,-5.85,1.73,0,0,0,0.0,0.0,0,0.992,0.007,0.0
1766734394.0137427,ALERT,0.99,0.0,0.374,0.003,0.0,-5.85,1.73,0,0,0,0.0,0.0,0,0.993,0.007,0.0
1766734394.3654382,ALERT,0.99,0.0,0.391,0.004,0.0,-6.33,3.4,0,0,0,0.0,0.0,0,0.993,0.007,0.0
1766734394.761531,ALERT,0.99,0.0,0.391,0.004,0.0,-6.33,3.4,0,0,0,0.0,0.0,0,0.993,0.007,0.0
1766734395.1450646,ALERT,0.99,0.0,0.384,0.001,0.0,-4.01,1.49,0,0,0,0.0,0.0,0,0.992,0.007,0.0
1766734395.447635,ALERT,0.99,0.0,0.384,0.001,0.0,-4.01,1.49,0,0,0,0.0,0.0,0,0.992,0.007,0.0
1766734395.8193529,ALERT,0.99,0.0,0.387,0.008,0.0,-6.8,3.13,0,0,0,0.0,0.0,0,0.992,0.007,0.0
1766734396.1991715,ALERT,0.99,0.0,0.387,0.008,0.0,-6.8,3.13,0,0,0,0.0,0.0,0,0.992,0.007,0.0
1766734396.5341127,ALERT,0.99,0.0,0.375,0.003,0.0,-6.8,3.13,0,0,0,0.0,0.0,0,0.992,0.007,0.0
1766734396.904969,ALERT,0.99,0.0,0.375,0.003,0.0,-5.12,3.4,0,0,0,0.0,0.0,0,0.992,0.007,0.0
1766734397.2807372,ALERT,0.99,0.0,0.375,0.003,0.0,-5.12,3.4,0,0,0,0.0,0.0,0,0.992,0.007,0.0
1766734397.611942,ALERT,0.99,0.0,0.395,0.003,0.0,-4.75,5.3,0,0,0,0.0,0.0,0,0.992,0.007,0.0
1766734397.9968846,ALERT,0.99,0.0,0.395,0.003,0.0,-4.75,5.3,0,0,0,0.0,0.0,0,0.992,0.007,0.0
1766734398.3665056,ALERT,0.99,0.0,0.373,0.003,0.0,-5.52,3.93,0,0,0,0.0,0.0,0,0.992,0.007,0.0
1766734398.7111282,ALERT,0.99,0.0,0.373,0.003,0.0,-5.52,3.93,0,0,0,0.0,0.0,0,0.992,0.007,0.0
1766734399.0878222,ALERT,0.99,33.3,0.056,0.001,0.0,-7.72,-2.02,0,0,0,0.0,0.0,0,0.992,0.007,0.0
1766734399.4667096,ALERT,0.99,33.3,0.056,0.001,0.0,-7.72,-2.02,0,0,0,0.0,0.0,0,0.993,0.007,0.0
1766734399.8071117,ALERT,0.99,33.3,0.347,0.004,0.0,-2.81,-6.96,0,0,0,0.0,0.0,0,0.993,0.007,0.0
1766734400.1880574,ALERT,0.99,33.3,0.347,0.004,0.0,-2.81,-6.96,0,0,0,0.0,0.0,0,0.992,0.007,0.0
1766734400.5717554,ALERT,0.99,33.3,0.343,0.003,0.0,-2.81,-6.96,0,0,0,0.0,0.0,0,0.992,0.007,0.0
1766734400.8859172,ALERT,0.99,33.3,0.343,0.003,0.0,-1.71,-5.37,0,0,0,0.0,0.0,0,0.992,0.007,0.0
1766734401.2545457,ALERT,0.99,33.3,0.343,0.003,0.0,-1.71,-5.37,0,0,0,0.0,0.0,0,0.992,0.007,0.0
1766734401.6334214,ALERT,0.99,0.0,0.349,0.002,0.0,-2.59,-5.06,0,0,0,0.0,0.0,0,0.992,0.007,0.001
1766734401.9716265,ALERT,0.99,0.0,0.349,0.002,0.0,-2.59,-5.06,0,0,0,0.0,0.0,0,0.992,0.007,0.001
1766734402.3538404,ALERT,0.99,0.0,0.34,0.011,0.0,-0.89,-11.17,0,0,0,0.0,0.0,0,0.992,0.007,0.001
1766734402.7230694,ALERT,0.99,0.0,0.34,0.011,0.0,-0.89,-11.17,0,0,0,0.0,0.0,0,0.992,0.007,0.001
1766734403.0725942,ALERT,0.99,0.0,0.337,0.008,0.0,-4.85,-7.86,0,0,0,0.0,0.0,0,0.992,0.007,0.001
1766734403.440547,ALERT,0.99,0.0,0.337,0.008,0.0,-4.85,-7.86,0,0,0,0.0,0.0,0,0.992,0.007,0.001
1766734403.8213801,ALERT,0.99,33.3,0.057,0.003,0.0,-3.19,-10.08,0,0,0,0.0,0.0,0,0.992,0.007,0.0
1766734404.1577802,ALERT,0.99,33.3,0.057,0.003,0.0,-3.19,-10.08,0,0,0,0.0,0.0,0,0.992,0.007,0.001
1766734404.544748,ALERT,0.99,66.7,0.071,0.003,0.0,-3.19,-10.08,0,0,0,0.0,0.0,0,0.992,0.007,0.001
1766734405.026636,ALERT,0.99,66.7,0.071,0.003,0.0,-2.86,-11.32,0,0,0,0.0,0.0,0,0.992,0.007,0.001
1766734405.7167196,ALERT,0.99,66.7,0.348,0.002,0.0,-1.56,-9.82,0,0,0,0.0,0.0,0,0.992,0.008,0.001
1766734406.271064,ALERT,0.99,33.3,0.317,0.012,0.0,-2.57,-8.05,0,0,0,0.0,0.0,0,0.991,0.008,0.001
1766734406.7714036,ALERT,0.99,33.3,0.317,0.012,0.0,-2.57,-8.05,0,0,0,0.0,0.0,0,0.991,0.008,0.001
1766734407.2153347,ALERT,0.99,0.0,0.353,0.007,0.0,-3.42,-5.3,0,0,0,0.0,0.0,0,0.991,0.008,0.001
1766734408.0315285,ALERT,0.99,0.0,0.35,0.008,0.0,-1.41,-8.62,0,0,0,0.0,0.0,0,0.991,0.008,0.001
1766734408.4593613,ALERT,0.99,0.0,0.35,0.008,0.0,-1.41,-8.62,0,0,0,0.0,0.0,0,0.991,0.008,0.001
1766734409.5312781,ALERT,0.99,0.0,0.362,0.002,0.0,-1.36,-2.93,0,0,0,0.0,0.0,0,0.991,0.008,0.001
1766734410.2198782,ALERT,0.99,0.0,0.322,0.005,0.0,10.07,-14.12,0,0,0,0.0,0.0,0,0.991,0.008,0.001
1766734410.629517,ALERT,0.99,0.0,0.322,0.005,0.0,10.07,-14.12,0,0,0,0.0,0.0,0,0.991,0.008,0.001
1766734411.0334277,ALERT,0.99,0.0,0.334,0.016,0.0,13.96,-13.91,0,0,0,0.0,0.0,0,0.991,0.008,0.001
1766734411.706287,ALERT,0.99,0.0,0.356,0.013,0.0,13.96,-13.91,0,0,0,0.0,0.0,0,0.991,0.008,0.001
1766734412.5467858,ALERT,0.99,0.0,0.378,0.055,0.0,14.65,-10.72,0,0,0,0.0,0.0,0,0.992,0.008,0.001
1766734413.2181923,ALERT,0.99,0.0,0.378,0.055,0.0,9.86,-15.82,0,0,0,0.0,0.0,0,0.993,0.007,0.0
1766734413.835302,NO_FACE,0.0,0,0,0,0,0,0,0,0,0,0,0,0,0,0,0
1766734417.6511264,NO_FACE,0.0,0,0,0,0,0,0,0,0,0,0,0,0,0,0,0
1766734417.8976924,NO_FACE,0.0,0,0,0,0,0,0,0,0,0,0,0,0,0,0,0
1766734427.7140403,NO_FACE,0.0,0,0,0,0,0,0,0,0,0,0,0,0,0,0,0
1766734428.087713,NO_FACE,0.0,0,0,0,0,0,0,0,0,0,0,0,0,0,0,0
1766734428.9683352,NO_FACE,0.0,0,0,0,0,0,0,0,0,0,0,0,0,0,0,0
1766734429.2165082,NO_FACE,0.0,0,0,0,0,0,0,0,0,0,0,0,0,0,0,0
1766734443.215646,ALERT,0.99,0.0,0.388,0.018,0.0,-6.75,-11.62,0,0,0,0.0,0.0,0,0.993,0.007,0.0
1766734444.031011,ALERT,0.99,16.7,0.271,0.009,0.0,-6.17,-11.47,0,0,0,0.0,0.0,0,0.993,0.007,0.0
1766734444.4793417,ALERT,0.99,16.7,0.271,0.009,0.0,-6.17,-11.47,0,0,0,0.0,0.0,0,0.993,0.007,0.0
1766734445.5322986,ALERT,0.99,16.7,0.313,0.008,0.0,-7.28,-10.34,0,0,0,0.0,0.0,0,0.993,0.007,0.0
1766734446.2151256,ALERT,0.99,0.0,0.309,0.001,0.0,-5.98,-13.09,0,0,0,0.0,0.0,0,0.993,0.007,0.0
1766734446.6442378,ALERT,0.99,0.0,0.309,0.001,0.0,-5.98,-13.09,0,0,0,0.0,0.0,0,0.993,0.007,0.0
1766734447.02441,ALERT,0.99,33.3,0.214,0.062,0.0,-15.76,-3.05,0,0,0,0.0,0.0,0,0.993,0.007,0.0
1766734447.7259417,ALERT,0.99,0.0,0.0,0.0,0.0,-15.76,-3.05,0,0,0,0.0,0.0,0,0.993,0.007,0.0
1766734448.463973,NO_FACE,0.0,0,0,0,0,0,0,0,0,0,0,0,0,0,0,0
1766734448.7237587,NO_FACE,0.0,0,0,0,0,0,0,0,0,0,0,0,0,0,0,0
1766734449.1502569,NO_FACE,0.0,0,0,0,0,0,0,0,0,0,0,0,0,0,0,0
1766734450.2176847,NO_FACE,0.0,0,0,0,0,0,0,0,0,0,0,0,0,0,0,0
1766734450.650582,NO_FACE,0.0,0,0,0,0,0,0,0,0,0,0,0,0,0,0,0
1766734454.9152672,NO_FACE,0.0,0,0,0,0,0,0,0,0,0,0,0,0,0,0,0
1766734455.1550465,NO_FACE,0.0,0,0,0,0,0,0,0,0,0,0,0,0,0,0,0
1766734455.943433,NO_FACE,0.0,0,0,0,0,0,0,0,0,0,0,0,0,0,0,0
1766734456.2232413,NO_FACE,0.0,0,0,0,0,0,0,0,0,0,0,0,0,0,0,0
1766734456.6525185,NO_FACE,0.0,0,0,0,0,0,0,0,0,0,0,0,0,0,0,0
1766734456.9750621,NO_FACE,0.0,0,0,0,0,0,0,0,0,0,0,0,0,0,0,0
